software,cell_num,exec_time
Giotto,1000,0.169123649597168
Giotto,1000,0.167050361633301
Giotto,1000,0.133996725082397
Giotto,5000,0.702886581420898
Giotto,5000,0.506375789642334
Giotto,5000,0.498138904571533
Giotto,10000,0.88579249382019
Giotto,10000,0.780940532684326
Giotto,10000,0.730741262435913
Giotto,50000,3.38317251205444
Giotto,50000,3.60116243362427
Giotto,50000,4.13524413108826
