software,cell_num,exec_time
Giotto,1000,1.94595670700073
Giotto,1000,1.51450562477112
Giotto,1000,1.5514075756073
Giotto,5000,5.07342720031738
Giotto,5000,4.4406054019928
Giotto,5000,4.28992199897766
Giotto,10000,8.82476615905762
Giotto,10000,8.44268345832825
Giotto,10000,8.50814461708069
Giotto,50000,42.0891377925873
Giotto,50000,40.074369430542
Giotto,50000,39.339248418808
