software,cell_num,exec_time
Giotto,1000,0.0801966190338135
Giotto,1000,0.0453348159790039
Giotto,1000,0.0452091693878174
Giotto,5000,0.241821765899658
Giotto,5000,0.220552682876587
Giotto,5000,0.217290163040161
Giotto,10000,0.440990447998047
Giotto,10000,0.405785799026489
Giotto,10000,0.398364305496216
Giotto,50000,2.25969791412354
Giotto,50000,2.37248945236206
Giotto,50000,3.0609655380249
