software,cell_num,exec_time
Giotto,1000,2.82518935203552
Giotto,1000,2.28254270553589
Giotto,1000,2.45970821380615
Giotto,5000,6.7857711315155
Giotto,5000,6.10598635673523
Giotto,5000,5.89774632453918
Giotto,10000,11.6038212776184
Giotto,10000,11.3588876724243
Giotto,10000,11.3704891204834
Giotto,50000,51.7939279079437
Giotto,50000,49.659295797348
Giotto,50000,48.7064733505249
