software,cell_num,exec_time
spatialtis,1000,0.007921695709228516
spatialtis,1000,0.007969379425048828
spatialtis,1000,0.03210592269897461
spatialtis,5000,0.0318448543548584
spatialtis,5000,0.03207993507385254
spatialtis,5000,0.03904557228088379
spatialtis,10000,0.06656575202941895
spatialtis,10000,0.0850520133972168
spatialtis,10000,0.061507225036621094
spatialtis,50000,0.3280293941497803
spatialtis,50000,0.33606743812561035
spatialtis,50000,0.3025641441345215
