software,cell_num,exec_time
spatialtis,1000,0.023261070251464844
spatialtis,1000,0.02313685417175293
spatialtis,1000,0.02335333824157715
spatialtis,5000,0.042853593826293945
spatialtis,5000,0.04713892936706543
spatialtis,5000,0.047318458557128906
spatialtis,10000,0.07633328437805176
spatialtis,10000,0.07633113861083984
spatialtis,10000,0.07616710662841797
spatialtis,50000,0.6685492992401123
spatialtis,50000,0.6754581928253174
spatialtis,50000,0.6771981716156006
