software,cell_num,exec_time
spatialtis,1000,0.04130911827087402
spatialtis,1000,0.04104733467102051
spatialtis,1000,0.04100513458251953
spatialtis,5000,0.10865569114685059
spatialtis,5000,0.11115026473999023
spatialtis,5000,0.11209869384765625
spatialtis,10000,0.22980380058288574
spatialtis,10000,0.22601532936096191
spatialtis,10000,0.22997188568115234
spatialtis,50000,2.5018086433410645
spatialtis,50000,2.524789333343506
spatialtis,50000,2.5237927436828613
