software,cell_num,exec_time
spatialtis,1000,0.008601903915405273
spatialtis,1000,0.008424758911132812
spatialtis,1000,0.033492326736450195
spatialtis,5000,0.03443479537963867
spatialtis,5000,0.03645658493041992
spatialtis,5000,0.03699469566345215
spatialtis,10000,0.06595802307128906
spatialtis,10000,0.09373855590820312
spatialtis,10000,0.06534576416015625
spatialtis,50000,0.3628203868865967
spatialtis,50000,0.3623318672180176
spatialtis,50000,0.35617637634277344
