software,cell_num,exec_time,exec_mem,cpu_count
Giotto,1000,0.109359502792358,32.8,1
Giotto,1000,0.168244123458862,25,1
Giotto,1000,0.104912281036377,26.2,1
Giotto,2000,0.204414844512939,63.4,1
Giotto,2000,0.202638149261475,53.3,1
Giotto,2000,0.287546634674072,58.6,1
Giotto,5000,0.563165664672852,151.9,1
Giotto,5000,0.497288227081299,152.1,1
Giotto,5000,0.497287511825562,148.7,1
Giotto,10000,0.899957895278931,310.6,1
Giotto,10000,0.791625499725342,300.2,1
Giotto,10000,0.825083017349243,302,1
