software,cell_num,exec_time,exec_mem,cpu_count
Giotto,1000,2.52046680450439,985.4,1
Giotto,1000,2.4157657623291,943.9,1
Giotto,1000,2.39850258827209,927.4,1
Giotto,2000,3.80552673339844,1355.9,1
Giotto,2000,3.6066415309906,1323.7,1
Giotto,2000,3.39059638977051,1361.1,1
Giotto,5000,6.55458164215088,2494.6,1
Giotto,5000,6.17183637619019,2554.6,1
Giotto,5000,6.24421715736389,2418.5,1
Giotto,10000,11.7321493625641,4447,1
Giotto,10000,11.4201302528381,4433.3,1
Giotto,10000,11.3014450073242,4446.8,1
